{
    "CalibrationInformation": {
        "Cameras": [
            {
                "Intrinsics": {
                    "ModelParameterCount": 14,
                    "ModelParameters": [
                        0.49862006306648254,
                        0.49299359321594238,
                        0.49295613169670105,
                        0.49312511086463928,
                        3.8691997528076172,
                        2.0663304328918457,
                        0.086164794862270355,
                        4.2011380195617676,
                        3.3314094543457031,
                        0.50915241241455078,
                        0,
                        0,
                        7.02285033185035E-5,
                        0.00015635808813385665
                    ],
                    "ModelType": "CALIBRATION_LensDistortionModelBrownConrady"
                },
                "Location": "CALIBRATION_CameraLocationD0",
                "Purpose": "CALIBRATION_CameraPurposeDepth",
                "MetricRadius": 1.7399997711181641,
                "Rt": {
                    "Rotation": [
                        1,
                        0,
                        0,
                        0,
                        1,
                        0,
                        0,
                        0,
                        1
                    ],
                    "Translation": [
                        0,
                        0,
                        0
                    ]
                },
                "SensorHeight": 1024,
                "SensorWidth": 1024,
                "Shutter": "CALIBRATION_ShutterTypeUndefined",
                "ThermalAdjustmentParams": {
                    "Params": [
                        0,
                        0,
                        0,
                        0,
                        0,
                        0,
                        0,
                        0,
                        0,
                        0,
                        0,
                        0
                    ]
                }
            },
            {
                "Intrinsics": {
                    "ModelParameterCount": 14,
                    "ModelParameters": [
                        0.50041943788528442,
                        0.51068669557571411,
                        0.476089745759964,
                        0.63471859693527222,
                        0.34417539834976196,
                        -2.8604564666748047,
                        1.8035205602645874,
                        0.21697279810905457,
                        -2.6490097045898437,
                        1.7056518793106079,
                        0,
                        0,
                        -4.4145919673610479E-5,
                        0.00047436624299734831
                    ],
                    "ModelType": "CALIBRATION_LensDistortionModelBrownConrady"
                },
                "Location": "CALIBRATION_CameraLocationPV0",
                "Purpose": "CALIBRATION_CameraPurposePhotoVideo",
                "MetricRadius": 0,
                "Rt": {
                    "Rotation": [
                        0.99997377395629883,
                        0.0072122937999665737,
                        -0.00064296292839571834,
                        -0.007122507318854332,
                        0.99573004245758057,
                        0.092037834227085114,
                        0.0013040214544162154,
                        -0.0920308455824852,
                        0.99575531482696533
                    ],
                    "Translation": [
                        -0.032023865729570389,
                        -0.0021201763302087784,
                        0.0039135357365012169
                    ]
                },
                "SensorHeight": 3072,
                "SensorWidth": 4096,
                "Shutter": "CALIBRATION_ShutterTypeUndefined",
                "ThermalAdjustmentParams": {
                    "Params": [
                        0,
                        0,
                        0,
                        0,
                        0,
                        0,
                        0,
                        0,
                        0,
                        0,
                        0,
                        0
                    ]
                }
            }
        ],
        "InertialSensors": [
            {
                "BiasTemperatureModel": [
                    -0.016476714983582497,
                    0,
                    0,
                    0,
                    0.024192806333303452,
                    0,
                    0,
                    0,
                    0.015445239841938019,
                    0,
                    0,
                    0
                ],
                "BiasUncertainty": [
                    9.9999997473787516E-5,
                    9.9999997473787516E-5,
                    9.9999997473787516E-5
                ],
                "Id": "CALIBRATION_InertialSensorId_LSM6DSM",
                "MixingMatrixTemperatureModel": [
                    0.98985481262207031,
                    0,
                    0,
                    0,
                    -0.0027861578855663538,
                    0,
                    0,
                    0,
                    -0.0029240367002785206,
                    0,
                    0,
                    0,
                    -0.0027407032903283834,
                    0,
                    0,
                    0,
                    1.0062906742095947,
                    0,
                    0,
                    0,
                    -0.0052220304496586323,
                    0,
                    0,
                    0,
                    -0.0029174494557082653,
                    0,
                    0,
                    0,
                    -0.0052966782823204994,
                    0,
                    0,
                    0,
                    0.99210965633392334,
                    0,
                    0,
                    0
                ],
                "ModelTypeMask": 16,
                "Noise": [
                    0.00095000001601874828,
                    0.00095000001601874828,
                    0.00095000001601874828,
                    0,
                    0,
                    0
                ],
                "Rt": {
                    "Rotation": [
                        -0.0037576679605990648,
                        0.11113974452018738,
                        -0.9937976598739624,
                        -0.99998712539672852,
                        -0.0038041053339838982,
                        0.0033556451089680195,
                        -0.0034075656440109015,
                        0.99379748106002808,
                        0.11115261167287827
                    ],
                    "Translation": [
                        0,
                        0,
                        0
                    ]
                },
                "SecondOrderScaling": [
                    0,
                    0,
                    0,
                    0,
                    0,
                    0,
                    0,
                    0,
                    0
                ],
                "SensorType": "CALIBRATION_InertialSensorType_Gyro",
                "TemperatureBounds": [
                    5,
                    60
                ],